tipo,conjunto,ordem,total,dimensao,arquivo
estatico,fator-r,1,5,1080x1350,01-estaticos/fr-e01-surpresa-28-sem-pessoas-4x5.png
estatico,fator-r,2,5,1080x1350,01-estaticos/fr-e02-carteira-sem-visao-paulo-4x5.png
estatico,fator-r,3,5,1080x1350,01-estaticos/fr-e03-doze-meses-dados-4x5.png
estatico,fator-r,4,5,1080x1350,01-estaticos/fr-e04-construcao-ao-vivo-alfredo-4x5.png
estatico,fator-r,5,5,1080x1350,01-estaticos/fr-e05-metodo-reaplicavel-danilo-4x5.png
carrossel,dor-controle-reativo,1,6,1080x1080,02-carrossel-dor/fr-c01-card-01-de-06-capa.png
carrossel,dor-controle-reativo,2,6,1080x1080,02-carrossel-dor/fr-c01-card-02-de-06-conta-simples.png
carrossel,dor-controle-reativo,3,6,1080x1080,02-carrossel-dor/fr-c01-card-03-de-06-historico-12-meses.png
carrossel,dor-controle-reativo,4,6,1080x1080,02-carrossel-dor/fr-c01-card-04-de-06-surpresa-apuracao.png
carrossel,dor-controle-reativo,5,6,1080x1080,02-carrossel-dor/fr-c01-card-05-de-06-novo-caminho.png
carrossel,dor-controle-reativo,6,6,1080x1080,02-carrossel-dor/fr-c01-card-06-de-06-cta-mauro.png
carrossel,metodo-construcao,1,6,1080x1080,03-carrossel-metodo/fr-c02-card-01-de-06-capa.png
carrossel,metodo-construcao,2,6,1080x1080,03-carrossel-metodo/fr-c02-card-02-de-06-definir-problema.png
carrossel,metodo-construcao,3,6,1080x1080,03-carrossel-metodo/fr-c02-card-03-de-06-requisitos.png
carrossel,metodo-construcao,4,6,1080x1080,03-carrossel-metodo/fr-c02-card-04-de-06-construir-orientar.png
carrossel,metodo-construcao,5,6,1080x1080,03-carrossel-metodo/fr-c02-card-05-de-06-testar-corrigir.png
carrossel,metodo-construcao,6,6,1080x1080,03-carrossel-metodo/fr-c02-card-06-de-06-cta-mateus.png
story,urgencia-fator-r,1,2,1080x1920,04-stories/fr-s01-vespera-carlos-9x16.png
story,urgencia-fator-r,2,2,1080x1920,04-stories/fr-s02-hoje-seis-socios-9x16.png
