data,hora,canal,objetivo,formato,peca,arquivo,copy_id,cta,destino,observacao
2026-09-17,12:00,Instagram e Facebook Feed,Dor e conscientizacao,Carrossel 1x1,Carrossel da dor,02-carrossel-dor/fr-c01-card-01-de-06-capa.png a fr-c01-card-06-de-06-cta-mauro.png,C06,Cadastre-se,https://lp.afonte.ia.br/,Abertura organica e inicio da prospeccao paga
2026-09-18,09:00,Instagram e Facebook Feed,Gestao da carteira,Estatico 4x5,Carteira sem visao,01-estaticos/fr-e02-carteira-sem-visao-paulo-4x5.png,C02,Cadastre-se,https://lp.afonte.ia.br/,Reforcar dificuldade de enxergar clientes perto dos 28 por cento
2026-09-19,10:00,Instagram e Facebook Feed,Complexidade operacional,Estatico 4x5,Doze meses de dados,01-estaticos/fr-e03-doze-meses-dados-4x5.png,C03,Cadastre-se,https://lp.afonte.ia.br/,Mostrar que o problema vai alem da formula
2026-09-20,18:00,Instagram e Facebook Feed,Metodo,Carrossel 1x1,Carrossel do metodo,03-carrossel-metodo/fr-c02-card-01-de-06-capa.png a fr-c02-card-06-de-06-cta-mateus.png,C07,Cadastre-se,https://lp.afonte.ia.br/,Apresentar as etapas da construcao
2026-09-21,09:00,Instagram e Facebook Feed,Diferenciacao,Estatico 4x5,Construcao ao vivo,01-estaticos/fr-e04-construcao-ao-vivo-alfredo-4x5.png,C04,Cadastre-se,https://lp.afonte.ia.br/,Deixar claro que nao sera entregue produto pronto
2026-09-22,09:00,Instagram e Facebook Feed,Valor do aprendizado,Estatico 4x5,Metodo reaplicavel,01-estaticos/fr-e05-metodo-reaplicavel-danilo-4x5.png,C05,Cadastre-se,https://lp.afonte.ia.br/,Reforcar aplicacao do metodo em outras ferramentas
2026-09-22,18:00,Instagram e Facebook Stories,Urgencia de vespera,Story 9x16,E amanha,04-stories/fr-s01-vespera-carlos-9x16.png,C08,Inscreva-se gratuitamente,https://lp.afonte.ia.br/,Ativar tambem no remarketing pago
2026-09-23,07:15,Instagram e Facebook Stories,Ultima chamada,Story 9x16,E hoje,04-stories/fr-s02-hoje-seis-socios-9x16.png,C09,Participar da live,https://lp.afonte.ia.br/,Encerrar midia antes das 09:00
2026-09-23,08:00,Instagram e Facebook Feed,Ultima chamada,Estatico 4x5,Surpresa dos 28,01-estaticos/fr-e01-surpresa-28-sem-pessoas-4x5.png,C01,Cadastre-se,https://lp.afonte.ia.br/,Reforco final organico
